[
{
    "model": "tracker.clientconnection",
    "pk": "specific.eNAxkSYR!lAEFinpPqfqU",
    "fields": {
        "rfid_tag": "0006921147"
    }
},
{
    "model": "tracker.exercise",
    "pk": "Lat Pulldown",
    "fields": {
        "description": "None",
        "gimprove_system": false,
        "muscles": [
            "Lat"
        ],
        "equipment_machine": []
    }
},
{
    "model": "tracker.musclegroup",
    "pk": "Back",
    "fields": {}
},
{
    "model": "tracker.muscle",
    "pk": "Lat",
    "fields": {
        "muscle_group": "Back"
    }
},
{
    "model": "tracker.trainunit",
    "pk": "1e56c0fa-09df-411c-bace-367062a0f024",
    "fields": {
        "start_time_date": "2018-07-31T15:13:09.243Z",
        "end_time_date": "2018-07-31T15:13:09.243Z",
        "date": "2018-07-31",
        "user": 1
    }
},
{
    "model": "tracker.trainunit",
    "pk": "361fc5b4-64a3-464b-94e6-33108bf1ac19",
    "fields": {
        "start_time_date": "2018-05-29T17:51:21.777Z",
        "end_time_date": "2018-05-29T17:51:21.777Z",
        "date": "2018-05-29",
        "user": 1
    }
},
{
    "model": "tracker.trainunit",
    "pk": "69908495-64d8-4409-8e6b-f37d40670d18",
    "fields": {
        "start_time_date": "2018-06-12T15:32:35.551Z",
        "end_time_date": "2018-06-12T15:32:35.551Z",
        "date": "2018-06-12",
        "user": 1
    }
},
{
    "model": "tracker.trainunit",
    "pk": "83d3de0a-aa3b-4561-9d69-2f17d3ec9ae2",
    "fields": {
        "start_time_date": "2018-07-25T05:25:52.038Z",
        "end_time_date": "2018-07-25T05:25:52.038Z",
        "date": "2018-07-25",
        "user": 1
    }
},
{
    "model": "tracker.trainunit",
    "pk": "8e5b2851-218d-4ad9-9dbc-96f4f2a960c3",
    "fields": {
        "start_time_date": "2018-07-30T16:38:14.815Z",
        "end_time_date": "2018-07-30T16:38:14.815Z",
        "date": "2018-07-30",
        "user": 1
    }
},
{
    "model": "tracker.trainunit",
    "pk": "e4654266-c3dd-4a18-804e-d08a80196d90",
    "fields": {
        "start_time_date": "2018-05-28T15:01:48Z",
        "end_time_date": "2018-05-28T17:01:48Z",
        "date": "2018-05-28",
        "user": 1
    }
},
{
    "model": "tracker.equipment",
    "pk": "653c9ed3-8b00-4f52-bbc8-3fba95dc81cf",
    "fields": {
        "user": 3,
        "gym": 2,
        "exercises": [
            "Lat Pulldown"
        ]
    }
},
{
    "model": "tracker.exerciseunit",
    "pk": "127dcf7d-3d9a-4e1f-9928-cb89a08477f6",
    "fields": {
        "time_date": "2018-07-25T05:25:52.038Z",
        "train_unit": "83d3de0a-aa3b-4561-9d69-2f17d3ec9ae2",
        "exercise": "Lat Pulldown",
        "equipment": null
    }
},
{
    "model": "tracker.exerciseunit",
    "pk": "46595c67-89ce-49bf-905e-9961347f189e",
    "fields": {
        "time_date": "2018-07-30T16:38:14.815Z",
        "train_unit": "8e5b2851-218d-4ad9-9dbc-96f4f2a960c3",
        "exercise": "Lat Pulldown",
        "equipment": null
    }
},
{
    "model": "tracker.exerciseunit",
    "pk": "a2045a2b-5161-47bb-8078-3274fb5e3908",
    "fields": {
        "time_date": "2018-05-29T17:51:21.777Z",
        "train_unit": "361fc5b4-64a3-464b-94e6-33108bf1ac19",
        "exercise": "Lat Pulldown",
        "equipment": null
    }
},
{
    "model": "tracker.exerciseunit",
    "pk": "aec47ebb-6fd2-45d2-a8b2-d0767a455d88",
    "fields": {
        "time_date": "2018-05-28T16:02:13Z",
        "train_unit": "e4654266-c3dd-4a18-804e-d08a80196d90",
        "exercise": "Lat Pulldown",
        "equipment": null
    }
},
{
    "model": "tracker.exerciseunit",
    "pk": "c5ecf4a5-59d8-407f-8f48-db1b216f6b6b",
    "fields": {
        "time_date": "2018-06-12T15:32:35.551Z",
        "train_unit": "69908495-64d8-4409-8e6b-f37d40670d18",
        "exercise": "Lat Pulldown",
        "equipment": null
    }
},
{
    "model": "tracker.exerciseunit",
    "pk": "cf299402-d678-4b35-b712-8f72f777f8fb",
    "fields": {
        "time_date": "2018-07-31T15:13:09.243Z",
        "train_unit": "1e56c0fa-09df-411c-bace-367062a0f024",
        "exercise": "Lat Pulldown",
        "equipment": null
    }
},
{
    "model": "tracker.set",
    "pk": "003a9531-ea90-44e6-b23d-453aab33a125",
    "fields": {
        "date_time": "2018-05-28T17:27:42.353Z",
        "exercise_unit": "aec47ebb-6fd2-45d2-a8b2-d0767a455d88",
        "repetitions": 1,
        "weight": 10.0,
        "durations": "[0.1]",
        "auto_tracking": false,
        "last_update": "2018-05-28T17:27:42.480Z"
    }
},
{
    "model": "tracker.set",
    "pk": "00b1456f-c57a-4a0f-8465-641d5725dde7",
    "fields": {
        "date_time": "2018-05-28T17:35:34.878Z",
        "exercise_unit": "aec47ebb-6fd2-45d2-a8b2-d0767a455d88",
        "repetitions": 1,
        "weight": 10.0,
        "durations": "[0.1]",
        "auto_tracking": false,
        "last_update": "2018-05-28T17:35:34.996Z"
    }
},
{
    "model": "tracker.set",
    "pk": "026740c0-567b-4d78-b2cb-135e58181371",
    "fields": {
        "date_time": "2018-05-28T17:32:20.095Z",
        "exercise_unit": "aec47ebb-6fd2-45d2-a8b2-d0767a455d88",
        "repetitions": 1,
        "weight": 10.0,
        "durations": "[0.1]",
        "auto_tracking": false,
        "last_update": "2018-05-28T17:32:20.192Z"
    }
},
{
    "model": "tracker.set",
    "pk": "0a622fc7-cc91-4714-ad45-fc2ae7200e15",
    "fields": {
        "date_time": "2018-05-28T17:15:32.262Z",
        "exercise_unit": "aec47ebb-6fd2-45d2-a8b2-d0767a455d88",
        "repetitions": 0,
        "weight": 0.0,
        "durations": "",
        "auto_tracking": false,
        "last_update": "2018-05-28T17:15:32.282Z"
    }
},
{
    "model": "tracker.set",
    "pk": "118f3eda-30dc-4c61-a105-7a44a39577ef",
    "fields": {
        "date_time": "2018-05-28T17:36:32.476Z",
        "exercise_unit": "aec47ebb-6fd2-45d2-a8b2-d0767a455d88",
        "repetitions": 1,
        "weight": 10.0,
        "durations": "[0.1]",
        "auto_tracking": false,
        "last_update": "2018-05-28T17:36:32.599Z"
    }
},
{
    "model": "tracker.set",
    "pk": "163a093d-5e2c-42e7-ac0b-5dc76076f78a",
    "fields": {
        "date_time": "2018-07-25T06:40:24.961Z",
        "exercise_unit": "127dcf7d-3d9a-4e1f-9928-cb89a08477f6",
        "repetitions": 10,
        "weight": 14.6,
        "durations": "[0.907746, 0.688168, 0.718052, 0.71653, 0.722218, 0.676314, 0.745551, 0.717224, 0.749404, 0.703009]",
        "auto_tracking": false,
        "last_update": "2018-07-25T06:40:33.656Z"
    }
},
{
    "model": "tracker.set",
    "pk": "19664475-5e2c-4012-9bfe-2d29b2620b18",
    "fields": {
        "date_time": "2018-07-25T15:14:56.504Z",
        "exercise_unit": "127dcf7d-3d9a-4e1f-9928-cb89a08477f6",
        "repetitions": 11,
        "weight": 14.6,
        "durations": "[0.0, 0.0, 0.0, 0.0, 0.0, 0.0, 0.0, 0.0, 0.0, 0.0, 0.0]",
        "auto_tracking": false,
        "last_update": "2018-07-25T15:15:07.046Z"
    }
},
{
    "model": "tracker.set",
    "pk": "1ac12791-93c6-47e5-8339-763b5c336a63",
    "fields": {
        "date_time": "2018-05-28T17:02:47Z",
        "exercise_unit": "aec47ebb-6fd2-45d2-a8b2-d0767a455d88",
        "repetitions": 2,
        "weight": 2.0,
        "durations": "[0.2,0.3]",
        "auto_tracking": false,
        "last_update": "2018-05-28T17:02:48Z"
    }
},
{
    "model": "tracker.set",
    "pk": "1dfd2f54-923f-4b4e-91aa-8301e16c007f",
    "fields": {
        "date_time": "2018-07-31T15:13:09.243Z",
        "exercise_unit": "cf299402-d678-4b35-b712-8f72f777f8fb",
        "repetitions": 12,
        "weight": 114.6,
        "durations": "[0.0, 0.0, 0.0, 0.0, 0.0, 0.0, 0.0, 0.0, 0.0, 0.0, 0.0, 0.0]",
        "auto_tracking": false,
        "last_update": "2018-07-31T15:13:24.631Z"
    }
},
{
    "model": "tracker.set",
    "pk": "2838cbf4-ff49-4a9a-a3c1-e230829856d6",
    "fields": {
        "date_time": "2018-05-28T17:19:57.115Z",
        "exercise_unit": "aec47ebb-6fd2-45d2-a8b2-d0767a455d88",
        "repetitions": 5,
        "weight": 5.0,
        "durations": "[17, 1, 19, 9, 11]",
        "auto_tracking": false,
        "last_update": "2018-05-28T17:19:57.237Z"
    }
},
{
    "model": "tracker.set",
    "pk": "2a159835-37f6-412d-8a85-2b2fd3477f02",
    "fields": {
        "date_time": "2018-05-28T17:32:19.781Z",
        "exercise_unit": "aec47ebb-6fd2-45d2-a8b2-d0767a455d88",
        "repetitions": 0,
        "weight": 0.0,
        "durations": "",
        "auto_tracking": false,
        "last_update": "2018-05-28T17:32:19.796Z"
    }
},
{
    "model": "tracker.set",
    "pk": "2c19c0d0-a91c-433f-be84-8e25e3f12de2",
    "fields": {
        "date_time": "2018-05-29T17:54:24.628Z",
        "exercise_unit": "a2045a2b-5161-47bb-8078-3274fb5e3908",
        "repetitions": 10,
        "weight": 14.6,
        "durations": "[1.186043, 1.175968, 1.149678, 1.504917, 1.544883, 1.268327, 1.272669, 1.358825, 1.320099, 1.356373]",
        "auto_tracking": false,
        "last_update": "2018-05-29T17:54:40.984Z"
    }
},
{
    "model": "tracker.set",
    "pk": "2ed7500e-712f-41d6-beee-8ecad2aac978",
    "fields": {
        "date_time": "2018-07-25T06:42:32.966Z",
        "exercise_unit": "127dcf7d-3d9a-4e1f-9928-cb89a08477f6",
        "repetitions": 10,
        "weight": 14.6,
        "durations": "[0.967367, 0.721226, 0.772342, 0.707769, 0.685402, 0.739092, 0.743249, 0.728674, 0.720891, 0.727588]",
        "auto_tracking": false,
        "last_update": "2018-07-25T06:42:41.846Z"
    }
},
{
    "model": "tracker.set",
    "pk": "2f4f83e9-f106-4687-8009-ae29267b9e9e",
    "fields": {
        "date_time": "2018-05-28T17:37:59.085Z",
        "exercise_unit": "aec47ebb-6fd2-45d2-a8b2-d0767a455d88",
        "repetitions": 0,
        "weight": 0.0,
        "durations": "",
        "auto_tracking": false,
        "last_update": "2018-05-28T17:37:59.102Z"
    }
},
{
    "model": "tracker.set",
    "pk": "2f74a9c2-a416-48df-b78b-57c78817767d",
    "fields": {
        "date_time": "2018-05-28T17:32:21.525Z",
        "exercise_unit": "aec47ebb-6fd2-45d2-a8b2-d0767a455d88",
        "repetitions": 5,
        "weight": 5.0,
        "durations": "[6, 11, 3, 18, 16]",
        "auto_tracking": false,
        "last_update": "2018-05-28T17:32:21.625Z"
    }
},
{
    "model": "tracker.set",
    "pk": "30a082e5-4121-48f3-85b6-86e4ebab6152",
    "fields": {
        "date_time": "2018-05-28T17:42:20.074Z",
        "exercise_unit": "aec47ebb-6fd2-45d2-a8b2-d0767a455d88",
        "repetitions": 1,
        "weight": 10.0,
        "durations": "[0.1]",
        "auto_tracking": false,
        "last_update": "2018-05-28T17:42:20.201Z"
    }
},
{
    "model": "tracker.set",
    "pk": "318bdb62-f631-483e-be23-4d3e54d7dc4f",
    "fields": {
        "date_time": "2018-07-30T16:38:14.815Z",
        "exercise_unit": "46595c67-89ce-49bf-905e-9961347f189e",
        "repetitions": 10,
        "weight": 14.6,
        "durations": "[0.958053, 0.723146, 0.803943, 0.709617, 0.694919, 0.71445, 0.733716, 0.734553, 0.747262, 0.701097]",
        "auto_tracking": false,
        "last_update": "2018-07-30T16:38:23.737Z"
    }
},
{
    "model": "tracker.set",
    "pk": "31baf09f-7654-44e1-a5c5-0006b26d5aad",
    "fields": {
        "date_time": "2018-05-28T17:28:55.305Z",
        "exercise_unit": "aec47ebb-6fd2-45d2-a8b2-d0767a455d88",
        "repetitions": 0,
        "weight": 0.0,
        "durations": "",
        "auto_tracking": false,
        "last_update": "2018-05-28T17:28:55.324Z"
    }
},
{
    "model": "tracker.set",
    "pk": "358fe450-12e0-43d8-baea-01b5a4363040",
    "fields": {
        "date_time": "2018-07-30T20:58:36.022Z",
        "exercise_unit": "46595c67-89ce-49bf-905e-9961347f189e",
        "repetitions": 10,
        "weight": 14.6,
        "durations": "[0.89862, 0.745043, 0.741547, 0.733626, 0.710762, 0.69679, 0.703391, 0.700092, 0.750485, 0.75247]",
        "auto_tracking": false,
        "last_update": "2018-07-30T20:58:44.827Z"
    }
},
{
    "model": "tracker.set",
    "pk": "36419bda-5f21-4688-9368-216ef802786c",
    "fields": {
        "date_time": "2018-07-25T05:29:07.514Z",
        "exercise_unit": "127dcf7d-3d9a-4e1f-9928-cb89a08477f6",
        "repetitions": 10,
        "weight": 14.6,
        "durations": "[0.94184, 0.749894, 0.761526, 0.773337, 0.755267, 0.757772, 0.744256, 0.720537, 0.73308, 0.726894]",
        "auto_tracking": false,
        "last_update": "2018-07-25T05:29:16.551Z"
    }
},
{
    "model": "tracker.set",
    "pk": "383da6b6-c281-4ed6-8903-1725c4342589",
    "fields": {
        "date_time": "2018-05-29T17:51:21.777Z",
        "exercise_unit": "a2045a2b-5161-47bb-8078-3274fb5e3908",
        "repetitions": 10,
        "weight": 14.6,
        "durations": "[1.362487, 1.521344, 1.35526, 1.381308, 1.714768, 1.527476, 1.561972, 1.656817, 1.503288, 1.608038]",
        "auto_tracking": false,
        "last_update": "2018-05-29T17:51:40.288Z"
    }
},
{
    "model": "tracker.set",
    "pk": "3856588f-5690-4e4f-ada7-fd92fdc9ce79",
    "fields": {
        "date_time": "2018-07-25T06:36:02.496Z",
        "exercise_unit": "127dcf7d-3d9a-4e1f-9928-cb89a08477f6",
        "repetitions": 10,
        "weight": 14.6,
        "durations": "[0.924377, 0.740603, 0.749757, 0.727543, 0.681075, 0.700512, 0.73018, 0.717621, 0.742141, 0.723578]",
        "auto_tracking": false,
        "last_update": "2018-07-25T06:36:11.349Z"
    }
},
{
    "model": "tracker.set",
    "pk": "3af89e71-94d3-4914-a49b-4b0b72291f45",
    "fields": {
        "date_time": "2018-07-25T06:47:13.938Z",
        "exercise_unit": "127dcf7d-3d9a-4e1f-9928-cb89a08477f6",
        "repetitions": 10,
        "weight": 14.6,
        "durations": "[1.005335, 0.744537, 0.890513, 0.714495, 0.676058, 0.67561, 0.721176, 0.689618, 0.701689, 0.686214]",
        "auto_tracking": false,
        "last_update": "2018-07-25T06:47:22.831Z"
    }
},
{
    "model": "tracker.set",
    "pk": "408b9c7b-724b-42cf-a091-27dd0f7aeec0",
    "fields": {
        "date_time": "2018-05-28T17:35:34.568Z",
        "exercise_unit": "aec47ebb-6fd2-45d2-a8b2-d0767a455d88",
        "repetitions": 0,
        "weight": 0.0,
        "durations": "",
        "auto_tracking": false,
        "last_update": "2018-05-28T17:35:34.594Z"
    }
},
{
    "model": "tracker.set",
    "pk": "4144f92e-e4d9-4f50-a8e5-cc9515cddcd6",
    "fields": {
        "date_time": "2018-07-25T06:44:29.485Z",
        "exercise_unit": "127dcf7d-3d9a-4e1f-9928-cb89a08477f6",
        "repetitions": 10,
        "weight": 14.6,
        "durations": "[0.916499, 0.69299, 0.729622, 0.716547, 0.685052, 0.68908, 0.69865, 0.720469, 0.692772, 0.692408]",
        "auto_tracking": false,
        "last_update": "2018-07-25T06:44:38.038Z"
    }
},
{
    "model": "tracker.set",
    "pk": "44b09467-9df8-4ba8-9f74-dcd23db9d4c3",
    "fields": {
        "date_time": "2018-07-25T15:04:46.607Z",
        "exercise_unit": "127dcf7d-3d9a-4e1f-9928-cb89a08477f6",
        "repetitions": 10,
        "weight": 14.6,
        "durations": "[0.892636, 0.734955, 0.712302, 0.71339, 0.708791, 0.736253, 0.704621, 0.706582, 0.726686, 0.71928]",
        "auto_tracking": false,
        "last_update": "2018-07-25T15:04:55.279Z"
    }
},
{
    "model": "tracker.set",
    "pk": "4a2e05f6-5802-4e5f-a2ae-7489e17eb09f",
    "fields": {
        "date_time": "2018-05-28T17:30:18.253Z",
        "exercise_unit": "aec47ebb-6fd2-45d2-a8b2-d0767a455d88",
        "repetitions": 0,
        "weight": 0.0,
        "durations": "",
        "auto_tracking": false,
        "last_update": "2018-05-28T17:30:18.269Z"
    }
},
{
    "model": "tracker.set",
    "pk": "4bbcf337-bfc0-4096-bf10-a271a6be7e9f",
    "fields": {
        "date_time": "2018-07-30T21:00:31.229Z",
        "exercise_unit": "46595c67-89ce-49bf-905e-9961347f189e",
        "repetitions": 10,
        "weight": 14.6,
        "durations": "[0.909542, 0.710039, 0.735289, 0.738347, 0.736109, 0.772149, 0.698655, 0.719838, 0.732105, 0.721924]",
        "auto_tracking": false,
        "last_update": "2018-07-30T21:00:40.038Z"
    }
},
{
    "model": "tracker.set",
    "pk": "4cd77894-5e54-4c19-ae1c-fcb736f0f8d0",
    "fields": {
        "date_time": "2018-05-28T17:35:36.322Z",
        "exercise_unit": "aec47ebb-6fd2-45d2-a8b2-d0767a455d88",
        "repetitions": 5,
        "weight": 5.0,
        "durations": "[13, 7, 12, 3, 16]",
        "auto_tracking": false,
        "last_update": "2018-05-28T17:35:36.443Z"
    }
},
{
    "model": "tracker.set",
    "pk": "4cf8a5b4-60e9-4ca5-af1a-84f659d506ec",
    "fields": {
        "date_time": "2018-07-25T06:20:18.637Z",
        "exercise_unit": "127dcf7d-3d9a-4e1f-9928-cb89a08477f6",
        "repetitions": 10,
        "weight": 14.6,
        "durations": "[0.937409, 0.700621, 0.745724, 0.754206, 0.731104, 0.720054, 0.745338, 0.703397, 0.717855, 0.722781]",
        "auto_tracking": false,
        "last_update": "2018-07-25T06:20:27.503Z"
    }
},
{
    "model": "tracker.set",
    "pk": "4d27216a-b530-4beb-a2ea-0f6867c00706",
    "fields": {
        "date_time": "2018-07-25T06:44:19.403Z",
        "exercise_unit": "127dcf7d-3d9a-4e1f-9928-cb89a08477f6",
        "repetitions": 10,
        "weight": 14.6,
        "durations": "[1.133268, 0.842249, 0.78608, 0.775834, 0.773002, 0.774534, 0.702307, 0.708765, 0.704939, 0.66348]",
        "auto_tracking": false,
        "last_update": "2018-07-25T06:44:28.655Z"
    }
},
{
    "model": "tracker.set",
    "pk": "4f45cf1d-9737-4d58-b6a1-e5618828a716",
    "fields": {
        "date_time": "2018-05-28T17:36:32.157Z",
        "exercise_unit": "aec47ebb-6fd2-45d2-a8b2-d0767a455d88",
        "repetitions": 0,
        "weight": 0.0,
        "durations": "",
        "auto_tracking": false,
        "last_update": "2018-05-28T17:36:32.173Z"
    }
},
{
    "model": "tracker.set",
    "pk": "517cc56e-e5d4-4d5e-857e-a62ac689c1f0",
    "fields": {
        "date_time": "2018-07-25T06:29:01.134Z",
        "exercise_unit": "127dcf7d-3d9a-4e1f-9928-cb89a08477f6",
        "repetitions": 10,
        "weight": 14.6,
        "durations": "[0.931029, 0.711422, 0.74386, 0.730004, 0.741443, 0.735829, 0.709459, 0.693739, 0.720057, 0.746105]",
        "auto_tracking": false,
        "last_update": "2018-07-25T06:29:09.948Z"
    }
},
{
    "model": "tracker.set",
    "pk": "57488bf4-6bb4-47f4-a2c8-9fa87af3ed91",
    "fields": {
        "date_time": "2018-05-28T17:41:00.781Z",
        "exercise_unit": "aec47ebb-6fd2-45d2-a8b2-d0767a455d88",
        "repetitions": 0,
        "weight": 0.0,
        "durations": "",
        "auto_tracking": false,
        "last_update": "2018-05-28T17:41:00.797Z"
    }
},
{
    "model": "tracker.set",
    "pk": "5b286c6b-189e-4746-9645-3ce72276307d",
    "fields": {
        "date_time": "2018-05-29T17:52:39.849Z",
        "exercise_unit": "a2045a2b-5161-47bb-8078-3274fb5e3908",
        "repetitions": 10,
        "weight": 14.6,
        "durations": "[1.226199, 1.402176, 1.248278, 1.537667, 1.546154, 1.445605, 1.344062, 1.413782, 1.272935, 1.360853]",
        "auto_tracking": false,
        "last_update": "2018-05-29T17:52:56.841Z"
    }
},
{
    "model": "tracker.set",
    "pk": "5bf43ab8-d359-4324-8151-1c32aa26e082",
    "fields": {
        "date_time": "2018-05-28T17:42:19.656Z",
        "exercise_unit": "aec47ebb-6fd2-45d2-a8b2-d0767a455d88",
        "repetitions": 0,
        "weight": 0.0,
        "durations": "",
        "auto_tracking": false,
        "last_update": "2018-05-28T17:42:19.704Z"
    }
},
{
    "model": "tracker.set",
    "pk": "60922858-5ec6-4c63-b084-04cf2fe3c083",
    "fields": {
        "date_time": "2018-05-28T16:02:27Z",
        "exercise_unit": "aec47ebb-6fd2-45d2-a8b2-d0767a455d88",
        "repetitions": 1,
        "weight": 3.0,
        "durations": "[0.2]",
        "auto_tracking": false,
        "last_update": "2018-05-28T17:02:27Z"
    }
},
{
    "model": "tracker.set",
    "pk": "6a9a0b11-8ce4-46ce-9a0f-91d52a41d9b5",
    "fields": {
        "date_time": "2018-07-25T15:11:02.843Z",
        "exercise_unit": "127dcf7d-3d9a-4e1f-9928-cb89a08477f6",
        "repetitions": 10,
        "weight": 14.6,
        "durations": "[0.899523, 0.634298, 0.736202, 0.712603, 0.698376, 0.803471, 0.732871, 0.706464, 0.77077, 0.728977]",
        "auto_tracking": false,
        "last_update": "2018-07-25T15:11:11.646Z"
    }
},
{
    "model": "tracker.set",
    "pk": "6cd73ce4-d6e1-4b85-a53d-0938907f7a39",
    "fields": {
        "date_time": "2018-05-28T17:20:38.655Z",
        "exercise_unit": "aec47ebb-6fd2-45d2-a8b2-d0767a455d88",
        "repetitions": 1,
        "weight": 10.0,
        "durations": "[0.1]",
        "auto_tracking": false,
        "last_update": "2018-05-28T17:20:38.902Z"
    }
},
{
    "model": "tracker.set",
    "pk": "7076b163-72a7-41d3-ad9f-d2455dbd7b3e",
    "fields": {
        "date_time": "2018-05-28T17:17:59.553Z",
        "exercise_unit": "aec47ebb-6fd2-45d2-a8b2-d0767a455d88",
        "repetitions": 0,
        "weight": 0.0,
        "durations": "",
        "auto_tracking": false,
        "last_update": "2018-05-28T17:17:59.589Z"
    }
},
{
    "model": "tracker.set",
    "pk": "70c2fde4-5969-4997-afde-63e9b7220fb2",
    "fields": {
        "date_time": "2018-05-28T17:25:18.063Z",
        "exercise_unit": "aec47ebb-6fd2-45d2-a8b2-d0767a455d88",
        "repetitions": 5,
        "weight": 5.0,
        "durations": "[14, 2, 18, 1, 4]",
        "auto_tracking": false,
        "last_update": "2018-05-28T17:25:18.201Z"
    }
},
{
    "model": "tracker.set",
    "pk": "7673bce8-91e3-499d-a492-21814ced1b92",
    "fields": {
        "date_time": "2018-05-28T17:17:43.562Z",
        "exercise_unit": "aec47ebb-6fd2-45d2-a8b2-d0767a455d88",
        "repetitions": 1,
        "weight": 10.0,
        "durations": "[0.1]",
        "auto_tracking": false,
        "last_update": "2018-05-28T17:17:43.677Z"
    }
},
{
    "model": "tracker.set",
    "pk": "786ed0ac-1c55-42aa-8e5c-5aac746e7dca",
    "fields": {
        "date_time": "2018-05-28T17:37:59.401Z",
        "exercise_unit": "aec47ebb-6fd2-45d2-a8b2-d0767a455d88",
        "repetitions": 1,
        "weight": 10.0,
        "durations": "[0.1]",
        "auto_tracking": false,
        "last_update": "2018-05-28T17:37:59.512Z"
    }
},
{
    "model": "tracker.set",
    "pk": "7b3d463b-92cc-4190-97d0-ef2e45a33c5f",
    "fields": {
        "date_time": "2018-07-25T06:41:56.507Z",
        "exercise_unit": "127dcf7d-3d9a-4e1f-9928-cb89a08477f6",
        "repetitions": 10,
        "weight": 14.6,
        "durations": "[0.955511, 0.755146, 0.771916, 0.746859, 0.732512, 0.761778, 0.734744, 0.733781, 0.767684, 0.738772]",
        "auto_tracking": false,
        "last_update": "2018-07-25T06:42:05.569Z"
    }
},
{
    "model": "tracker.set",
    "pk": "7b875d74-092e-4567-9fda-cd5544d2ef7f",
    "fields": {
        "date_time": "2018-07-30T21:00:12.293Z",
        "exercise_unit": "46595c67-89ce-49bf-905e-9961347f189e",
        "repetitions": 10,
        "weight": 14.6,
        "durations": "[0.914023, 0.753978, 0.732719, 0.723223, 0.674838, 0.67796, 0.733775, 0.69677, 0.741738, 0.708402]",
        "auto_tracking": false,
        "last_update": "2018-07-30T21:00:21.003Z"
    }
},
{
    "model": "tracker.set",
    "pk": "849bf096-5d5f-43ea-954a-7f05d5a98da5",
    "fields": {
        "date_time": "2018-05-28T17:42:23.778Z",
        "exercise_unit": "aec47ebb-6fd2-45d2-a8b2-d0767a455d88",
        "repetitions": 0,
        "weight": 0.0,
        "durations": "",
        "auto_tracking": false,
        "last_update": "2018-05-28T17:42:23.842Z"
    }
},
{
    "model": "tracker.set",
    "pk": "866fa8b7-ed4b-4485-a724-3b826930c283",
    "fields": {
        "date_time": "2018-05-28T17:19:55.520Z",
        "exercise_unit": "aec47ebb-6fd2-45d2-a8b2-d0767a455d88",
        "repetitions": 1,
        "weight": 10.0,
        "durations": "[0.1]",
        "auto_tracking": false,
        "last_update": "2018-05-28T17:19:55.620Z"
    }
},
{
    "model": "tracker.set",
    "pk": "88aebcd1-7485-4efa-90e2-6aed5de1ec81",
    "fields": {
        "date_time": "2018-05-28T17:27:43.780Z",
        "exercise_unit": "aec47ebb-6fd2-45d2-a8b2-d0767a455d88",
        "repetitions": 5,
        "weight": 5.0,
        "durations": "[17, 14, 1, 6, 10]",
        "auto_tracking": false,
        "last_update": "2018-05-28T17:27:43.930Z"
    }
},
{
    "model": "tracker.set",
    "pk": "88b24b92-39ff-40f9-bf5b-d761fdc8630b",
    "fields": {
        "date_time": "2018-05-28T17:25:16.529Z",
        "exercise_unit": "aec47ebb-6fd2-45d2-a8b2-d0767a455d88",
        "repetitions": 1,
        "weight": 10.0,
        "durations": "[0.1]",
        "auto_tracking": false,
        "last_update": "2018-05-28T17:25:16.675Z"
    }
},
{
    "model": "tracker.set",
    "pk": "89067b55-ae84-44de-8625-c6dcbdd2f4bc",
    "fields": {
        "date_time": "2018-05-29T18:20:14.731Z",
        "exercise_unit": "a2045a2b-5161-47bb-8078-3274fb5e3908",
        "repetitions": 10,
        "weight": 14.6,
        "durations": "[1.228543, 1.527499, 1.119149, 1.195927, 1.466662, 1.306684, 1.475764, 1.513518, 1.284001, 1.411747]",
        "auto_tracking": false,
        "last_update": "2018-05-29T18:20:31.424Z"
    }
},
{
    "model": "tracker.set",
    "pk": "8a1795df-e222-4202-86ad-08bc8fea3746",
    "fields": {
        "date_time": "2018-06-12T15:32:35.551Z",
        "exercise_unit": "c5ecf4a5-59d8-407f-8f48-db1b216f6b6b",
        "repetitions": 0,
        "weight": 0.0,
        "durations": "",
        "auto_tracking": false,
        "last_update": "2018-06-12T15:32:35.643Z"
    }
},
{
    "model": "tracker.set",
    "pk": "927d3b47-ce61-4765-879b-26a7479e8997",
    "fields": {
        "date_time": "2018-05-28T17:42:21.485Z",
        "exercise_unit": "aec47ebb-6fd2-45d2-a8b2-d0767a455d88",
        "repetitions": 5,
        "weight": 5.0,
        "durations": "[7, 10, 5, 17, 12]",
        "auto_tracking": false,
        "last_update": "2018-05-28T17:42:21.579Z"
    }
},
{
    "model": "tracker.set",
    "pk": "928d0768-6e53-49de-a52e-bd5c1b9a8e86",
    "fields": {
        "date_time": "2018-05-28T17:17:45.205Z",
        "exercise_unit": "aec47ebb-6fd2-45d2-a8b2-d0767a455d88",
        "repetitions": 5,
        "weight": 5.0,
        "durations": "[13, 8, 17, 2, 1]",
        "auto_tracking": false,
        "last_update": "2018-05-28T17:17:45.319Z"
    }
},
{
    "model": "tracker.set",
    "pk": "946d6647-6be9-4067-9fbc-7fb14616a256",
    "fields": {
        "date_time": "2018-05-29T18:03:27.159Z",
        "exercise_unit": "a2045a2b-5161-47bb-8078-3274fb5e3908",
        "repetitions": 10,
        "weight": 14.6,
        "durations": "[1.150855, 1.254484, 1.396888, 1.379851, 1.549558, 1.316824, 1.398337, 1.362164, 1.323705, 1.448976]",
        "auto_tracking": false,
        "last_update": "2018-05-29T18:03:43.649Z"
    }
},
{
    "model": "tracker.set",
    "pk": "96176402-f3d4-481c-9fcb-985a0969347b",
    "fields": {
        "date_time": "2018-07-30T21:04:02.668Z",
        "exercise_unit": "46595c67-89ce-49bf-905e-9961347f189e",
        "repetitions": 12,
        "weight": 14.6,
        "durations": "[0.0, 0.0, 0.0, 0.0, 0.0, 0.0, 0.0, 0.0, 0.0, 0.0, 0.0, 0.0]",
        "auto_tracking": false,
        "last_update": "2018-07-30T21:04:16.221Z"
    }
},
{
    "model": "tracker.set",
    "pk": "976a2850-1d10-4d38-8671-aa2c1ffaacea",
    "fields": {
        "date_time": "2018-05-29T18:08:09.712Z",
        "exercise_unit": "a2045a2b-5161-47bb-8078-3274fb5e3908",
        "repetitions": 10,
        "weight": 14.6,
        "durations": "[1.261038, 1.535713, 1.049694, 0.860322, 1.54241, 1.393221, 1.540428, 1.244659, 1.324516, 1.451186]",
        "auto_tracking": false,
        "last_update": "2018-05-29T18:08:26.114Z"
    }
},
{
    "model": "tracker.set",
    "pk": "9d46a325-49e6-4c26-a186-afd6cdc6f86b",
    "fields": {
        "date_time": "2018-05-29T18:11:20.019Z",
        "exercise_unit": "a2045a2b-5161-47bb-8078-3274fb5e3908",
        "repetitions": 10,
        "weight": 14.6,
        "durations": "[1.216666, 1.416164, 1.405232, 1.37094, 1.504934, 1.24769, 1.420719, 1.486136, 1.518831, 1.449991]",
        "auto_tracking": false,
        "last_update": "2018-05-29T18:11:37.271Z"
    }
},
{
    "model": "tracker.set",
    "pk": "9d4d32c4-397d-4462-98ef-5007341a837b",
    "fields": {
        "date_time": "2018-05-28T17:28:57.208Z",
        "exercise_unit": "aec47ebb-6fd2-45d2-a8b2-d0767a455d88",
        "repetitions": 5,
        "weight": 5.0,
        "durations": "[12, 18, 8, 15, 1]",
        "auto_tracking": false,
        "last_update": "2018-05-28T17:28:57.350Z"
    }
},
{
    "model": "tracker.set",
    "pk": "a0825770-9392-4400-b0df-9763fa611ec0",
    "fields": {
        "date_time": "2018-05-29T18:16:41.991Z",
        "exercise_unit": "a2045a2b-5161-47bb-8078-3274fb5e3908",
        "repetitions": 10,
        "weight": 14.6,
        "durations": "[1.211613, 1.470413, 1.203836, 1.210679, 1.306777, 1.262912, 1.560079, 1.448009, 1.465534, 1.583299]",
        "auto_tracking": false,
        "last_update": "2018-05-29T18:16:59.014Z"
    }
},
{
    "model": "tracker.set",
    "pk": "a191c6f9-75c0-4cd1-86be-34534b7bfa85",
    "fields": {
        "date_time": "2018-07-25T06:46:25.612Z",
        "exercise_unit": "127dcf7d-3d9a-4e1f-9928-cb89a08477f6",
        "repetitions": 10,
        "weight": 14.6,
        "durations": "[1.00415, 0.775999, 0.736818, 0.729225, 0.672757, 0.695442, 0.695156, 0.650491, 0.727994, 0.687377]",
        "auto_tracking": false,
        "last_update": "2018-07-25T06:46:34.355Z"
    }
},
{
    "model": "tracker.set",
    "pk": "a43aa9d1-22cf-4653-ac8b-c269daddde5b",
    "fields": {
        "date_time": "2018-05-29T18:19:03.495Z",
        "exercise_unit": "a2045a2b-5161-47bb-8078-3274fb5e3908",
        "repetitions": 10,
        "weight": 14.6,
        "durations": "[1.206592, 1.389508, 1.331379, 1.304292, 1.236993, 1.326115, 1.377835, 1.178723, 1.165583, 0.726488]",
        "auto_tracking": false,
        "last_update": "2018-05-29T18:19:18.347Z"
    }
},
{
    "model": "tracker.set",
    "pk": "a9e2d5f5-af3d-4ca1-94b1-c889f7e3b002",
    "fields": {
        "date_time": "2018-05-28T17:36:33.968Z",
        "exercise_unit": "aec47ebb-6fd2-45d2-a8b2-d0767a455d88",
        "repetitions": 5,
        "weight": 5.0,
        "durations": "[12, 8, 6, 13, 15]",
        "auto_tracking": false,
        "last_update": "2018-05-28T17:36:34.126Z"
    }
},
{
    "model": "tracker.set",
    "pk": "a9e520d0-b7ef-42f5-8917-63f299cfb41b",
    "fields": {
        "date_time": "2018-07-25T06:47:25.547Z",
        "exercise_unit": "127dcf7d-3d9a-4e1f-9928-cb89a08477f6",
        "repetitions": 10,
        "weight": 14.6,
        "durations": "[1.01043, 0.686863, 0.726292, 0.713398, 0.685588, 0.666641, 0.73413, 0.705005, 0.715326, 0.716609]",
        "auto_tracking": false,
        "last_update": "2018-07-25T06:47:34.389Z"
    }
},
{
    "model": "tracker.set",
    "pk": "aac388ad-d6d1-4215-b0c9-1977d661d6e5",
    "fields": {
        "date_time": "2018-07-25T05:25:52.038Z",
        "exercise_unit": "127dcf7d-3d9a-4e1f-9928-cb89a08477f6",
        "repetitions": 10,
        "weight": 14.6,
        "durations": "[0.947912, 0.735514, 0.772373, 0.744435, 0.736067, 0.736755, 0.746173, 0.729143, 0.761706, 0.735759]",
        "auto_tracking": false,
        "last_update": "2018-07-25T05:26:01.148Z"
    }
},
{
    "model": "tracker.set",
    "pk": "ab119fec-962f-4331-8974-6f34d01e44a3",
    "fields": {
        "date_time": "2018-05-29T18:17:59.706Z",
        "exercise_unit": "a2045a2b-5161-47bb-8078-3274fb5e3908",
        "repetitions": 10,
        "weight": 14.6,
        "durations": "[1.279285, 1.009681, 0.775765, 1.39528, 1.464129, 1.291075, 1.495524, 1.396865, 1.172835, 1.209673]",
        "auto_tracking": false,
        "last_update": "2018-05-29T18:18:15.373Z"
    }
},
{
    "model": "tracker.set",
    "pk": "afb8600d-aa35-45e4-8e95-b99be6479ae4",
    "fields": {
        "date_time": "2018-05-28T17:28:55.679Z",
        "exercise_unit": "aec47ebb-6fd2-45d2-a8b2-d0767a455d88",
        "repetitions": 1,
        "weight": 10.0,
        "durations": "[0.1]",
        "auto_tracking": false,
        "last_update": "2018-05-28T17:28:55.815Z"
    }
},
{
    "model": "tracker.set",
    "pk": "b090112e-2247-40c8-8c07-22de0c33c5c5",
    "fields": {
        "date_time": "2018-05-28T17:27:41.963Z",
        "exercise_unit": "aec47ebb-6fd2-45d2-a8b2-d0767a455d88",
        "repetitions": 0,
        "weight": 0.0,
        "durations": "",
        "auto_tracking": false,
        "last_update": "2018-05-28T17:27:41.980Z"
    }
},
{
    "model": "tracker.set",
    "pk": "b2c24d19-d8ed-42bd-91f8-73a7e8501f0a",
    "fields": {
        "date_time": "2018-05-28T17:25:16.240Z",
        "exercise_unit": "aec47ebb-6fd2-45d2-a8b2-d0767a455d88",
        "repetitions": 0,
        "weight": 0.0,
        "durations": "",
        "auto_tracking": false,
        "last_update": "2018-05-28T17:25:16.255Z"
    }
},
{
    "model": "tracker.set",
    "pk": "b75c0813-baee-4ec1-ac7b-306918bda1f8",
    "fields": {
        "date_time": "2018-07-31T15:14:24.824Z",
        "exercise_unit": "cf299402-d678-4b35-b712-8f72f777f8fb",
        "repetitions": 12,
        "weight": 4.6,
        "durations": "[0.0, 0.0, 0.0, 0.0, 0.0, 0.0, 0.0, 0.0, 0.0, 0.0, 0.0, 0.0]",
        "auto_tracking": false,
        "last_update": "2018-07-31T15:14:39.878Z"
    }
},
{
    "model": "tracker.set",
    "pk": "b8a546fc-80d6-447f-a63b-67e3f1adab93",
    "fields": {
        "date_time": "2018-07-25T15:06:17.516Z",
        "exercise_unit": "127dcf7d-3d9a-4e1f-9928-cb89a08477f6",
        "repetitions": 10,
        "weight": 14.6,
        "durations": "[0.936462, 0.702864, 0.74272, 0.707387, 0.745342, 0.707716, 0.728051, 0.722906, 0.715114, 0.701293]",
        "auto_tracking": false,
        "last_update": "2018-07-25T15:06:26.245Z"
    }
},
{
    "model": "tracker.set",
    "pk": "ba7eec30-7866-4f12-abaa-8466ea13cb3c",
    "fields": {
        "date_time": "2018-05-29T18:12:09.112Z",
        "exercise_unit": "a2045a2b-5161-47bb-8078-3274fb5e3908",
        "repetitions": 10,
        "weight": 14.6,
        "durations": "[0.995941, 1.161747, 1.358177, 1.312609, 0.913173, 0.940687, 1.426456, 1.243425, 1.116171, 0.989624]",
        "auto_tracking": false,
        "last_update": "2018-05-29T18:12:23.750Z"
    }
},
{
    "model": "tracker.set",
    "pk": "ba9007c1-fad5-4488-913f-da6414dc3b98",
    "fields": {
        "date_time": "2018-05-28T17:20:37.562Z",
        "exercise_unit": "aec47ebb-6fd2-45d2-a8b2-d0767a455d88",
        "repetitions": 0,
        "weight": 0.0,
        "durations": "",
        "auto_tracking": false,
        "last_update": "2018-05-28T17:20:37.606Z"
    }
},
{
    "model": "tracker.set",
    "pk": "bb70b768-59e2-469d-9acc-c771e982cabe",
    "fields": {
        "date_time": "2018-05-28T17:30:20.199Z",
        "exercise_unit": "aec47ebb-6fd2-45d2-a8b2-d0767a455d88",
        "repetitions": 5,
        "weight": 5.0,
        "durations": "[3, 7, 14, 8, 10]",
        "auto_tracking": false,
        "last_update": "2018-05-28T17:30:20.324Z"
    }
},
{
    "model": "tracker.set",
    "pk": "bf9e2b65-50aa-430d-bf1f-935a22f05f89",
    "fields": {
        "date_time": "2018-05-28T17:17:43.049Z",
        "exercise_unit": "aec47ebb-6fd2-45d2-a8b2-d0767a455d88",
        "repetitions": 0,
        "weight": 0.0,
        "durations": "",
        "auto_tracking": false,
        "last_update": "2018-05-28T17:17:43.067Z"
    }
},
{
    "model": "tracker.set",
    "pk": "ce36f16f-469d-4635-90e7-c2aa342057a2",
    "fields": {
        "date_time": "2018-06-12T15:33:03.987Z",
        "exercise_unit": "c5ecf4a5-59d8-407f-8f48-db1b216f6b6b",
        "repetitions": 10,
        "weight": 14.6,
        "durations": "[0.038467, 0.010438, 0.007379, 0.004006, 0.00467, 0.008762, 0.005635, 0.006371, 0.012412, 0.007102]",
        "auto_tracking": false,
        "last_update": "2018-06-12T15:33:04.384Z"
    }
},
{
    "model": "tracker.set",
    "pk": "ce52b65a-2cf9-4596-bb35-096dc3d5c8ea",
    "fields": {
        "date_time": "2018-05-28T17:20:11.308Z",
        "exercise_unit": "aec47ebb-6fd2-45d2-a8b2-d0767a455d88",
        "repetitions": 0,
        "weight": 0.0,
        "durations": "",
        "auto_tracking": false,
        "last_update": "2018-05-28T17:20:11.352Z"
    }
},
{
    "model": "tracker.set",
    "pk": "d6bae37e-ed45-4b55-9924-c676c308dfb1",
    "fields": {
        "date_time": "2018-05-29T18:15:14.476Z",
        "exercise_unit": "a2045a2b-5161-47bb-8078-3274fb5e3908",
        "repetitions": 10,
        "weight": 14.6,
        "durations": "[1.049751, 1.185363, 0.788898, 0.916761, 1.634999, 1.341649, 1.372032, 1.346675, 1.299498, 1.503296]",
        "auto_tracking": false,
        "last_update": "2018-05-29T18:15:30.206Z"
    }
},
{
    "model": "tracker.set",
    "pk": "d8a3cbb0-d509-456a-a086-a4dd3658dfb0",
    "fields": {
        "date_time": "2018-07-25T05:30:44.708Z",
        "exercise_unit": "127dcf7d-3d9a-4e1f-9928-cb89a08477f6",
        "repetitions": 10,
        "weight": 14.6,
        "durations": "[0.96213, 0.722016, 0.765734, 0.708129, 0.70328, 0.719178, 0.745172, 0.712769, 0.760089, 0.713254]",
        "auto_tracking": false,
        "last_update": "2018-07-25T05:30:53.671Z"
    }
},
{
    "model": "tracker.set",
    "pk": "d8a8bdb5-f214-4e28-8aa3-d476535c132e",
    "fields": {
        "date_time": "2018-05-29T17:56:11.078Z",
        "exercise_unit": "a2045a2b-5161-47bb-8078-3274fb5e3908",
        "repetitions": 10,
        "weight": 14.6,
        "durations": "[1.394942, 1.097995, 1.100612, 1.469198, 1.616819, 1.393881, 1.618766, 1.473588, 1.244615, 1.443291]",
        "auto_tracking": false,
        "last_update": "2018-05-29T17:56:27.268Z"
    }
},
{
    "model": "tracker.set",
    "pk": "d8bb3853-c3d0-429b-8d3f-5458a4611ebb",
    "fields": {
        "date_time": "2018-07-25T15:12:10.365Z",
        "exercise_unit": "127dcf7d-3d9a-4e1f-9928-cb89a08477f6",
        "repetitions": 10,
        "weight": 14.6,
        "durations": "[0.949282, 0.742536, 0.751245, 0.73501, 0.717634, 0.72199, 0.72729, 0.760186, 0.722968, 0.73816]",
        "auto_tracking": false,
        "last_update": "2018-07-25T15:12:19.287Z"
    }
},
{
    "model": "tracker.set",
    "pk": "de861473-4192-445d-a392-7da063af0e73",
    "fields": {
        "date_time": "2018-05-29T17:57:01.560Z",
        "exercise_unit": "a2045a2b-5161-47bb-8078-3274fb5e3908",
        "repetitions": 10,
        "weight": 14.6,
        "durations": "[1.150413, 1.114367, 1.439782, 1.517603, 1.521119, 1.30636, 1.349314, 1.403428, 1.389549, 1.420164]",
        "auto_tracking": false,
        "last_update": "2018-05-29T17:57:18.074Z"
    }
},
{
    "model": "tracker.set",
    "pk": "e0aecf4f-6c32-409f-a532-cc7b02dbeedd",
    "fields": {
        "date_time": "2018-05-28T17:19:55.049Z",
        "exercise_unit": "aec47ebb-6fd2-45d2-a8b2-d0767a455d88",
        "repetitions": 0,
        "weight": 0.0,
        "durations": "",
        "auto_tracking": false,
        "last_update": "2018-05-28T17:19:55.064Z"
    }
},
{
    "model": "tracker.set",
    "pk": "e48b27f8-e8c8-4513-8cba-b85b7a4147c8",
    "fields": {
        "date_time": "2018-05-28T17:30:18.590Z",
        "exercise_unit": "aec47ebb-6fd2-45d2-a8b2-d0767a455d88",
        "repetitions": 1,
        "weight": 10.0,
        "durations": "[0.1]",
        "auto_tracking": false,
        "last_update": "2018-05-28T17:30:18.798Z"
    }
},
{
    "model": "tracker.set",
    "pk": "e5c5cfaa-18fe-4938-a611-b299228ec738",
    "fields": {
        "date_time": "2018-05-28T17:41:01.118Z",
        "exercise_unit": "aec47ebb-6fd2-45d2-a8b2-d0767a455d88",
        "repetitions": 1,
        "weight": 10.0,
        "durations": "[0.1]",
        "auto_tracking": false,
        "last_update": "2018-05-28T17:41:01.280Z"
    }
},
{
    "model": "tracker.set",
    "pk": "e8cab6ee-d5d4-4e88-8a77-b18d5364079c",
    "fields": {
        "date_time": "2018-05-28T17:41:02.680Z",
        "exercise_unit": "aec47ebb-6fd2-45d2-a8b2-d0767a455d88",
        "repetitions": 5,
        "weight": 5.0,
        "durations": "[2, 10, 17, 5, 12]",
        "auto_tracking": false,
        "last_update": "2018-05-28T17:41:02.792Z"
    }
},
{
    "model": "tracker.set",
    "pk": "eb27ed07-976a-4151-9216-5349a4b7378c",
    "fields": {
        "date_time": "2018-07-25T15:02:39.589Z",
        "exercise_unit": "127dcf7d-3d9a-4e1f-9928-cb89a08477f6",
        "repetitions": 10,
        "weight": 14.6,
        "durations": "[0.94612, 0.700447, 0.761693, 0.704044, 0.706811, 0.711716, 0.740115, 0.708447, 0.725001, 0.730283]",
        "auto_tracking": false,
        "last_update": "2018-07-25T15:02:48.389Z"
    }
},
{
    "model": "tracker.set",
    "pk": "f7005f8f-2e7a-44d0-86fe-1af78b058503",
    "fields": {
        "date_time": "2018-07-25T06:26:18.548Z",
        "exercise_unit": "127dcf7d-3d9a-4e1f-9928-cb89a08477f6",
        "repetitions": 10,
        "weight": 14.6,
        "durations": "[0.981128, 0.718115, 0.749856, 0.703449, 0.697971, 0.734922, 0.710602, 0.676864, 0.717149, 0.73685]",
        "auto_tracking": false,
        "last_update": "2018-07-25T06:26:27.332Z"
    }
},
{
    "model": "tracker.set",
    "pk": "f72ee0c5-8b69-4656-8c8e-165dbda66761",
    "fields": {
        "date_time": "2018-05-29T18:20:41.697Z",
        "exercise_unit": "a2045a2b-5161-47bb-8078-3274fb5e3908",
        "repetitions": 10,
        "weight": 14.6,
        "durations": "[1.160697, 1.095634, 1.060418, 1.286276, 1.41145, 1.110103, 1.477835, 1.430933, 1.330175, 1.513516]",
        "auto_tracking": false,
        "last_update": "2018-05-29T18:20:57.815Z"
    }
},
{
    "model": "tracker.set",
    "pk": "f7909174-2049-48be-8fd9-96092d9ee2ba",
    "fields": {
        "date_time": "2018-07-25T15:13:11.957Z",
        "exercise_unit": "127dcf7d-3d9a-4e1f-9928-cb89a08477f6",
        "repetitions": 10,
        "weight": 14.6,
        "durations": "[0.881763, 0.719663, 0.74114, 0.708764, 0.696789, 0.737276, 0.764047, 0.690644, 0.714788, 0.736038]",
        "auto_tracking": false,
        "last_update": "2018-07-25T15:13:20.672Z"
    }
},
{
    "model": "tracker.set",
    "pk": "fa69357d-f982-4f6e-aa72-12009a7622e1",
    "fields": {
        "date_time": "2018-05-28T17:38:00.784Z",
        "exercise_unit": "aec47ebb-6fd2-45d2-a8b2-d0767a455d88",
        "repetitions": 5,
        "weight": 5.0,
        "durations": "[2, 19, 16, 5, 1]",
        "auto_tracking": false,
        "last_update": "2018-05-28T17:38:00.940Z"
    }
},
{
    "model": "tracker.set",
    "pk": "fe86c95a-9e67-423e-b34b-ba752f6eb88b",
    "fields": {
        "date_time": "2018-05-28T17:20:40.433Z",
        "exercise_unit": "aec47ebb-6fd2-45d2-a8b2-d0767a455d88",
        "repetitions": 5,
        "weight": 5.0,
        "durations": "[4, 13, 15, 3, 10]",
        "auto_tracking": false,
        "last_update": "2018-05-28T17:20:40.554Z"
    }
},
{
    "model": "tracker.set",
    "pk": "feaef9d5-e83d-47b6-b368-b7af2caec490",
    "fields": {
        "date_time": "2018-05-29T18:09:50.650Z",
        "exercise_unit": "a2045a2b-5161-47bb-8078-3274fb5e3908",
        "repetitions": 10,
        "weight": 14.6,
        "durations": "[1.144504, 1.362932, 1.310346, 1.344235, 1.485784, 1.386819, 1.467257, 1.508789, 1.34901, 1.604558]",
        "auto_tracking": false,
        "last_update": "2018-05-29T18:10:07.890Z"
    }
},
{
    "model": "tracker.set",
    "pk": "ff8ca53f-6a2b-4cb3-a95e-835554604d70",
    "fields": {
        "date_time": "2018-07-25T06:45:46.312Z",
        "exercise_unit": "127dcf7d-3d9a-4e1f-9928-cb89a08477f6",
        "repetitions": 10,
        "weight": 14.6,
        "durations": "[0.984637, 0.760011, 0.84165, 0.713265, 0.66909, 0.716608, 0.721273, 0.723303, 0.683699, 0.715239]",
        "auto_tracking": false,
        "last_update": "2018-07-25T06:45:55.392Z"
    }
},
{
    "model": "auth.user",
    "pk": 1,
    "fields": {
        "password": "pbkdf2_sha256$100000$eD2iNN5Bim2c$ihgNnl3vVXEAdzS8aQoXiU0Vu2VySKhI3J+2bnvhGxU=",
        "last_login": "2018-07-25T05:38:16.923Z",
        "is_superuser": true,
        "username": "dennis",
        "first_name": "",
        "last_name": "",
        "email": "",
        "is_staff": true,
        "is_active": true,
        "date_joined": "2018-05-28T16:59:35.626Z",
        "groups": [],
        "user_permissions": []
    }
},
{
    "model": "auth.user",
    "pk": 2,
    "fields": {
        "password": "pbkdf2_sha256$100000$sQDW6uGpscHw$swQlxdLCp0rpXGEM9gE+S4/pVZ1dX2lWwRD39DYsU7E=",
        "last_login": null,
        "is_superuser": false,
        "username": "testgym",
        "first_name": "",
        "last_name": "",
        "email": "",
        "is_staff": false,
        "is_active": true,
        "date_joined": "2018-05-28T17:00:14.581Z",
        "groups": [],
        "user_permissions": []
    }
},
{
    "model": "auth.user",
    "pk": 3,
    "fields": {
        "password": "pbkdf2_sha256$100000$EAzdw6wrQELM$ETfXNTvVPenyfVkA2nmeTPkzD4pfyFY2MJFeAq7v3nM=",
        "last_login": null,
        "is_superuser": false,
        "username": "rasppi-1",
        "first_name": "",
        "last_name": "",
        "email": "",
        "is_staff": false,
        "is_active": true,
        "date_joined": "2018-05-28T17:00:27.265Z",
        "groups": [],
        "user_permissions": []
    }
}
]
